{"options":{"check_for_updates":true,"user_modified":1704908969584,"comment":null,"compatopts_for_requires":true,"compat_wrappedjsobject":false,"compat_metadata":false,"compat_foreach":false,"compat_powerful_this":null,"sandbox":null,"noframes":null,"unwrap":null,"run_at":null,"tab_types":null,"override":{"merge_connects":true,"merge_excludes":true,"merge_includes":true,"merge_matches":true,"orig_connects":[],"orig_excludes":[],"orig_includes":[],"orig_matches":["https://kuajing.pinduoduo.com/main/sale-manage/main","https://kuajing.pinduoduo.com/main/product/seller-select"],"orig_noframes":null,"orig_run_at":"document-idle","use_blockers":[],"use_connects":[],"use_excludes":[],"use_includes":[],"use_matches":[]}},"settings":{"enabled":true,"position":26},"meta":{"name":"vue-catch-pinduoduo","uuid":"861fcb37-0a91-4a56-abfb-8c4e25b7fd07","modified":1704908969581}}